Volume of exports of major arms by the top suppliers  1950-2023;
Figures are in millions of SIPRI trend-indicator values (TIVs).
A '0' indicates that the volume of deliveries is between 0 and 0.5 million SIPRI TIV. An empty field indicates that no deliveries have been identified.
Figures may not add up to stated totals due to the conventions of rounding.
For the method used for the SIPRI TIV see <https://www.sipri.org/databases/armstransfers/sources-and-methods>.

Source: SIPRI Arms Transfers Database (c) SIPRI.
Data generated: 2 Nov 2024 10:30:55 PM

,,,,,,,,,,,,,,,,,,,,,,,,,,,,,,,,,,,,,,,,,,,,,,,,,,,,,,,,,,,,,,,,,,,,,,,,,,,,,,,,,,,,,,,,,,,,,,,,,,,,,,,,,,,,,,,,,,,,,,,,,,,,,,,,,,,,,,,,,,,,,,,,,,,,,,,,,,,,,,,,
,Rank 1950-2023,,Supplier,1950,1951,1952,1953,1954,1955,1956,1957,1958,1959,1960,1961,1962,1963,1964,1965,1966,1967,1968,1969,1970,1971,1972,1973,1974,1975,1976,1977,1978,1979,1980,1981,1982,1983,1984,1985,1986,1987,1988,1989,1990,1991,1992,1993,1994,1995,1996,1997,1998,1999,2000,2001,2002,2003,2004,2005,2006,2007,2008,2009,2010,2011,2012,2013,2014,2015,2016,2017,2018,2019,2020,2021,2022,2023,1950-2023, Share of global arms imports,
,1,,United States,1388,4057,6944,9814,6101,7190,8600,8604,9568,7453,6164,6309,6139,9382,12326,11316,8396,7244,8406,11807,8983,11893,10762,12139,12775,15619,15883,14623,13902,9906,10766,13639,14012,13933,11864,10786,11581,12175,11917,11286,10664,12484,14083,13766,11483,11177,10839,14498,15708,11538,7662,5600,4882,5643,6839,6738,7533,7956,7150,7191,8389,9024,8956,7694,9490,9868,9465,11444,9576,10908,9532,11074,15592,11287,741384,36%,
,2,,Soviet Union,4019,3669,5942,8598,8652,5756,6386,6694,8003,7913,6398,6241,7743,6880,8927,8502,10116,11492,11095,9892,9651,11199,13313,15530,15190,11360,9694,15258,17571,16973,18128,17105,16333,14820,14126,14387,14850,13476,12363,11614,9934,5524,,,,,,,,,,,,,,,,,,,,,,,,,,,,,,,,,451317,22%,
,3,,Russia,,,,,,,,,,,,,,,,,,,,,,,,,,,,,,,,,,,,,,,,,,,2639,3484,1533,3849,3610,3428,2062,4295,4492,5387,5840,5196,6290,5153,5135,5560,5993,5087,6240,8798,8275,7780,5335,5788,6706,6376,6901,5051,3523,2315,2603,1269,155994,7.6%,
,4,,United Kingdom,2285,3468,3253,4607,4473,4808,6012,5023,3950,3442,2246,1270,1140,1283,1393,1470,1367,1909,1724,1790,927,2240,2453,2747,2359,2439,2514,2208,2221,1539,1589,2365,2514,2595,2567,2142,1985,3603,2528,3504,1837,1510,1093,1382,1513,1450,1608,2359,1400,1315,1623,1359,1076,769,1217,991,954,920,927,1073,1152,1007,817,1493,1658,1183,1324,1107,680,919,637,717,1665,1204,145889,7.1%,
,5,,France,14,67,43,277,279,413,948,679,807,817,949,980,1031,1315,1509,1285,1783,1635,1553,1555,1730,2340,2679,2988,2176,2313,2045,2728,3301,2947,3821,3683,3788,3415,2912,3999,2974,1743,1951,2280,1825,1196,1247,974,861,960,1850,3187,3132,1758,1033,1383,1393,1362,2140,1663,1497,2154,1889,1854,884,2248,1326,1799,1768,2271,2141,2315,1879,3724,2387,3892,3268,2012,139022,6.7%,
,6,,Germany,,,,38,29,24,24,44,25,93,156,12,147,134,438,328,712,772,589,875,1581,1357,1359,224,1189,1422,1658,1929,1606,1424,1593,1904,1514,2217,2933,1335,1364,924,1397,1273,1835,2418,1526,1559,2920,1552,1961,957,1851,1878,1646,869,902,1652,1103,2088,2485,3296,2380,2208,2357,1204,729,729,1822,1812,2509,1841,1110,997,1161,857,1481,3287,93626,4.5%,
,7,,China,,,,,3,,39,30,483,403,285,35,47,12,68,387,619,412,730,669,905,1308,1246,658,508,661,580,224,611,553,943,707,1557,1763,1931,1292,1862,2600,1425,1056,954,1321,670,1435,1083,1001,762,425,347,331,314,517,532,708,415,369,738,506,614,1136,1511,1263,1521,2061,1327,1814,2445,1625,1358,1593,700,1310,2083,2432,63831,3.1%,
,8,,Italy,119,106,24,1,11,140,263,283,239,8,105,246,262,241,385,296,243,144,197,325,280,395,296,328,409,520,523,505,661,1312,1172,1716,1683,1112,1232,868,223,623,385,316,200,354,249,342,208,301,288,449,426,519,208,269,477,359,260,830,535,697,429,508,580,965,784,886,674,687,621,705,537,383,825,1650,1716,1437,38557,1.9%,
,9,,Czechoslovakia,17,15,15,9,188,1346,1874,2196,1534,943,665,204,176,141,271,327,428,450,505,666,434,419,647,670,885,739,829,845,868,818,791,935,926,1044,1110,1036,1248,1302,1359,1064,625,427,220,,,,,,,,,,,,,,,,,,,,,,,,,,,,,,,,31211,1.5%,
,10,,Netherlands,199,63,20,7,72,255,9,8,51,43,36,108,65,45,93,39,139,95,351,113,5,161,133,206,83,148,293,448,235,243,612,801,661,457,364,180,356,505,776,558,416,455,383,458,628,458,484,616,639,355,281,199,233,331,202,504,1147,1219,452,504,366,541,871,384,643,469,484,1067,466,302,462,357,323,258,25987,1.3%,
,11,,Israel,,,,,8,30,,4,,23,,,,,5,34,46,45,55,48,21,27,36,18,44,110,52,203,212,188,255,209,246,402,279,202,344,138,71,202,82,165,358,416,337,206,335,273,227,166,401,458,548,401,616,510,429,609,375,801,660,548,462,417,400,570,1236,1193,1147,384,395,619,870,1159,21333,1.0%,
,12,,Switzerland,,,,,,,,,,49,435,493,534,351,394,484,367,262,91,105,18,42,34,54,89,465,546,312,196,455,533,554,411,331,528,347,345,312,370,319,468,497,452,235,176,146,195,126,214,282,186,221,178,198,279,266,310,308,484,238,260,326,235,194,337,482,217,175,243,218,159,113,185,93,18517,0.9%,
,13,,Spain,,,,,,,,,,,1,5,6,6,7,29,21,7,7,6,70,140,18,18,84,277,46,25,38,18,10,135,265,370,245,93,198,158,143,169,117,105,71,104,254,89,113,634,174,46,47,8,18,99,54,113,898,628,626,984,273,997,266,450,962,982,481,820,705,308,981,619,970,940,17549,0.8%,
,14,,Sweden,27,46,64,165,21,105,96,111,280,15,38,45,44,13,22,32,56,55,60,36,251,530,123,15,75,123,71,55,55,261,157,127,120,118,227,211,320,230,512,401,224,155,147,103,111,226,348,104,337,387,360,897,164,516,298,539,387,330,454,409,661,698,477,386,345,193,257,81,154,215,279,329,66,299,16245,0.8%,
,15,,Canada,38,55,268,76,210,190,294,336,544,119,67,300,188,213,253,111,92,58,193,163,188,285,318,113,113,82,259,138,179,167,136,109,240,99,78,84,237,246,125,33,79,93,139,144,164,254,146,96,37,78,67,112,159,306,307,218,216,314,219,165,159,261,248,160,173,321,91,61,115,221,110,118,175,285,12806,0.6%,
,16,,Ukraine,,,,,,,,,,,,,,,,,,,,,,,,,,,,,,,,,,,,,,,,,,,165,82,237,166,232,556,706,736,274,554,310,313,196,294,529,639,399,443,517,567,1491,683,630,299,455,376,313,165,116,167,72,34,12714,0.6%,
,17,,Poland,,,,,,,,,,,5,5,12,111,237,234,319,309,288,323,268,278,276,158,249,316,425,400,336,247,226,365,230,134,91,131,265,222,232,20,112,62,57,,133,179,57,23,1,65,47,81,56,83,47,18,282,163,73,75,28,8,31,147,33,2,5,10,26,10,0,3,419,499,9547,0.5%,
,18,,South Korea,,,,,,,,,,,,,,,,,,,,,,,141,,,,,,,105,105,130,65,,126,28,73,,54,48,72,118,,60,7,27,24,25,32,,10,230,,96,74,109,158,278,110,224,177,328,203,350,220,94,437,702,1049,682,772,510,204,621,8876,0.4%,
,19,,Norway,2,30,,8,,,,,,8,38,,25,55,67,65,80,140,65,53,,4,29,10,,6,6,6,87,140,130,246,54,35,,42,29,54,34,127,85,167,79,41,46,17,4,13,3,3,2,34,82,94,61,6,17,58,108,141,159,146,167,153,138,182,104,121,59,31,67,114,72,222,4471,0.2%,
,20,,Turkiye,,,,,,,0,,,,,,,,,,,,,,,,,,,,,,,,23,11,,,,,,,,,,,,,,3,3,0,3,44,20,5,27,43,28,25,67,85,120,76,70,90,144,139,157,225,244,179,249,276,265,487,535,609,4251,0.2%,
,21,,Brazil,,,,,,,,,,,2,12,,,,,,,,18,,0,,,32,58,104,144,183,73,159,68,123,200,275,207,138,216,206,53,106,127,98,40,54,38,27,27,18,,,,20,,46,1,44,54,93,44,146,32,33,31,30,52,123,36,102,21,163,86,8,54,4023,0.2%,
,22,,Australia,,,36,,,125,,,,,,2,4,,,,,,,26,17,36,6,72,92,131,113,62,21,22,15,17,26,31,62,10,57,89,18,18,168,90,,30,36,36,16,20,4,,,43,47,44,2,49,26,52,56,84,137,143,45,54,95,85,135,100,39,164,413,176,33,67,3595,0.2%,
,23,,Belarus,,,,,,,,,,,,,,,,,,,,,,,,,,,,,,,,,,,,,,,,,,,,8,,7,129,402,63,454,293,49,64,58,19,53,43,6,224,41,161,98,97,269,101,142,152,51,79,84,59,132,58,15,3410,0.2%,
,24,,South Africa,,,,,,,,,,8,27,33,,,,,,8,,13,2,7,22,1,2,28,19,0,,,49,49,1,,,25,25,28,25,0,,54,75,54,13,17,31,7,22,28,20,37,22,47,74,36,199,137,141,107,243,74,193,111,63,67,82,96,82,101,115,97,58,31,2905,0.1%,
,25,,Belgium,,,,,,,29,,,,3,0,2,0,0,,12,,,5,,0,,,,,,,2,3,1,19,41,89,115,3,19,,18,36,1,1,,,39,161,61,93,46,62,46,37,34,15,47,160,59,32,223,243,12,111,22,55,10,12,7,17,21,57,26,92,144,40,2384,0.1%,
,26,,North Korea,,,,,,,,,,,,,,,,,,,,,,,,,8,12,,,,20,31,6,107,210,194,176,73,208,177,62,5,84,97,103,20,32,37,37,59,42,40,53,150,129,42,15,15,15,15,22,6,,,,1,,,,,,,,,13,2313,0.1%,
,27,,Czechia,,,,,,,,,,,,,,,,,,,,,,,,,,,,,,,,,,,,,,,,,,,,199,319,146,123,24,20,58,82,89,60,65,2,72,44,34,34,24,5,11,8,41,26,151,153,90,91,19,26,6,163,93,2275,0.1%,
,28,,Finland,,,,,25,,,,,75,75,5,5,,,3,67,39,39,39,37,40,30,,63,63,,,63,63,,,15,,,,,,1,,,18,9,12,20,25,3,1,17,20,12,31,35,35,27,38,121,60,97,63,66,64,99,69,93,26,54,28,39,25,12,15,40,32,2052,0.1%,
,29,,Japan,,,,,2,110,38,112,3,41,1,61,100,8,14,,5,,,31,,15,9,36,55,,,,9,11,167,,,17,17,44,92,,,15,30,54,101,122,130,126,165,25,,,,,,,,,,40,,,,,,,,,,2,3,,,,,13,1824,0.1%,
,30,,Austria,,,,,,,,,,,,,,,0,0,1,1,1,1,1,1,1,1,0,0,,,37,126,54,70,61,58,60,248,40,30,12,12,30,20,20,10,17,,18,3,29,23,23,17,83,2,3,3,62,67,14,44,65,52,23,28,16,10,17,22,8,3,10,3,3,10,1569,0.1%,
,31,,Denmark,,,,,,,,,,,20,,,,60,12,,128,24,,,,,,,24,,,,,18,29,64,115,,,,117,36,,80,,,183,268,16,,,,3,18,,10,2,,,5,6,8,10,8,26,26,8,19,22,21,13,25,2,,24,61,46,1555,0.1%,
,32,,Yugoslavia,,,,,,,17,,71,,6,,,,23,23,,,,21,3,26,,35,,14,65,71,45,25,103,103,22,53,77,94,8,2,17,18,80,480,,,,,,,,,,,,,,,,,,,,,,,,,,,,,,,,,1500,0.1%,
,33,,Libya,,,,,,,,,,,,,,,,,,,,,,,0,0,,26,4,,8,395,95,107,169,14,54,31,9,13,64,7,36,,,,3,,,3,10,,,,21,16,113,113,18,9,17,32,27,0,,,,,,,,,,,,,1412,0.1%,
,34,,UAE,,,,,,,,,,,,,,,,,,,,,,,,,8,,,,,,,,,14,,,22,1,,,2,,,,,28,6,37,,,,,,,3,11,17,3,,34,39,3,70,108,87,142,95,101,114,128,194,58,17,14,1356,0.1%,
,35,,Iran,,,1,,,,,,,,,,3,,,,,28,,,23,6,106,6,129,81,,,,,1,1,1,1,1,1,1,1,1,1,0,1,1,1,0,1,2,0,0,0,0,0,3,9,1,2,75,,63,65,65,103,31,17,52,15,5,15,,,6,,136,184,1242,0.1%,
,36,,Jordan,,,,,,,,,,2,,,,,,,,,,,,36,,22,23,50,,18,,,,,,76,,2,7,,7,64,,,,,65,,,6,,,,,,,43,22,,13,13,28,117,,21,33,114,16,18,80,1,103,66,80,51,11,1207,0.1%,
,37,,Romania,,,,,,0,,,,,,,,,,,,,,,,6,9,9,1,,,,27,44,48,30,91,101,173,99,28,35,52,25,7,6,15,16,29,11,5,13,2,19,3,,,24,,3,8,32,,2,1,0,,216,,,,,,,,,1,1,1191,0.1%,
,38,,Singapore,,,,,,,,,,,,,,,,,,,,,,2,,,,17,,,29,72,,15,,25,88,,,81,25,87,44,3,3,11,30,,1,46,23,11,12,,4,,65,,,,,34,27,16,79,7,12,80,77,,,,24,72,36,11,1166,0.1%,
,39,,unknown supplier(s),23,12,,,,2,17,17,17,17,17,19,5,1,1,14,2,12,,0,,4,12,8,7,15,9,1,12,31,30,44,22,10,2,8,42,3,8,6,10,9,3,41,56,1,67,11,4,3,12,17,19,12,15,53,9,0,36,9,31,8,14,10,26,12,5,6,8,12,4,40,48,92,1150,0.1%,
,40,,Egypt,,,,,,,9,22,4,4,,0,7,8,1,,13,15,26,15,39,,,,,16,,67,78,13,29,77,81,71,37,5,19,76,81,81,25,,15,28,17,12,5,5,,,,,,,,,,,,,,,,,7,21,,,,8,,41,41,5,1125,0.1%,
,41,,Bulgaria,,,,,,,,,,,,,,,,,,,,,,,,,,,,,,,,,,4,,,106,,,5,6,42,58,28,56,1,21,8,41,171,6,10,37,45,20,87,5,9,4,16,4,2,13,23,23,81,83,33,14,10,3,7,34,,1113,0.1%,
,42,,Uzbekistan,,,,,,,,,,,,,,,,,,,,,,,,,,,,,,,,,,,,,,,,,,,,,,,,,,,,,,252,126,4,,,,209,209,209,,,,34,68,,,,,,,,1111,0.1%,
,43,,Slovakia,,,,,,,,,,,,,,,,,,,,,,,,,,,,,,,,,,,,,,,,,,,,178,40,100,62,58,10,125,37,54,33,,46,,3,22,9,,,,5,1,8,3,20,22,12,8,11,,71,154,1091,0.1%,
,44,,India,,,,,,,,,,1,,,,,,,,,1,,,7,2,21,24,31,,,27,22,,,2,,,,,0,1,0,7,0,7,9,2,2,0,0,0,0,21,2,0,4,31,19,33,23,15,27,5,3,,18,40,42,49,56,47,20,153,54,7,34,866,0.0%,
,45,,East Germany (GDR),,,,,,,,,,,17,25,17,29,39,26,,,,,,,,,11,,12,25,15,35,34,43,3,,,,39,116,116,149,77,,,,,,,,,,,,,,,,,,,,,,,,,,,,,,,,,,827,0.0%,
,46,,Portugal,,,,,,,,,,,,,,,,,,2,,,,3,,5,11,105,21,,4,4,2,,,1,,,1,1,,71,,,,1,,,,,,,,,,,,,,,99,46,,0,0,,18,7,172,56,3,3,46,11,2,10,705,0.0%,
,47,,Indonesia,,,,,,,,,,,,,,7,,,,,,,12,,,,,,,,9,,4,,,,,8,4,,,,,,,18,18,27,,9,,54,,18,54,,27,9,9,,1,,,4,,,,,85,94,15,9,,17,,,510,0.0%,
,48,,Moldova,,,,,,,,,,,,,,,,,,,,,,,,,,,,,,,,,,,,,,,,,,,11,,36,,,217,,,6,42,60,13,,18,3,19,29,20,,12,,,,,,,,,,,,,487,0.0%,
,49,,Syria,,,,,,,,,,,,,,,,,,,,,17,,,,2,2,,0,,,,,178,46,1,32,31,,15,,,,40,40,,,0,0,,,,,,,,,3,,,30,30,,,,,,,,,,,,,,466,0.0%,
,50,,Serbia,,,,,,,,,,,,,,,,,,,,,,,,,,,,,,,,,,,,,,,,,,,,,,,20,5,,,,20,,,,,5,5,45,0,31,4,15,10,10,62,86,11,27,26,49,3,,,435,0.0%,
,51,,Ireland,,,,,,,,,,,,,,,,,,,,,,,,,,,,,2,9,9,2,,,,,,,,,,,,,,,,,,,,,,,,24,48,47,41,41,38,1,40,40,21,10,,,,,,13,46,,434,0.0%,
,52,,Hungary,,,,,,,,5,,,,,,,,,18,18,37,28,,,8,44,8,8,,,,,4,30,4,4,,,,,,,,,,21,,6,,24,,,,,34,,,82,,9,,,,,,41,,,,,,,,,,,429,0.0%,
,53,,Pakistan,,,,,,,,,,,,,,,,,,6,,,,3,,,,,,,,,15,30,30,,,,,,,1,82,3,,,2,,,,,,4,,9,8,9,25,4,,1,,,,,,,,1,3,3,1,,53,1,5,297,0.0%,
,54,,Taiwan,,,,,,,,,,,,,,,,,,12,,,,,154,,,,,,,1,,,,,,,,,,42,6,,,,,,4,,,,,6,,,,,,,,16,,,2,,,4,2,2,,2,2,3,,,258,0.0%,
,55,,Greece,,,,,,,,,,,,,,,7,1,,,,,,,,,,,,,,,,,,,,,,,,,,,15,10,18,,19,31,9,3,2,2,,6,22,13,23,,,,,,,,,,,30,,,,,7,7,224,0.0%,
,56,,Iraq,,,,,,,,0,,,3,,,,,,,,,,,,,,,,,,,,28,,,,,,,,169,20,,,,,,,,,,,,,,,,,,,,,,,,,,,,,,,,,,,220,0.0%,
,57,,Kyrgyzstan,,,,,,,,,,,,,,,,,,,,,,,,,,,,,,,,,,,,,,,,,,,,,,57,,,,,,,,92,,,18,18,14,,,,,,,4,5,5,,,,,,,214,0.0%,
,58,,New Zealand,,,,,,,,,,,,,,,,,,1,1,0,,,0,2,5,3,,,,,,1,2,,10,7,0,,,,,34,4,,3,,,,,1,1,,1,,1,0,,,,,,,75,,,1,6,,7,,,,29,20,213,0.0%,
,59,,Georgia,,,,,,,,,,,,,,,,,,,,,,,,,,,,,,,,,,,,,,,,,,,,,,,,,,46,69,,69,,16,,,,,,,,,,,,6,7,,,,,,,213,0.0%,
,60,,Montenegro,,,,,,,,,,,,,,,,,,,,,,,,,,,,,,,,,,,,,,,,,,,,,,,,,,,,,,,,,71,109,,,18,,,,,,,1,,,,,,,199,0.0%,
,61,,Chile,,,,,,,,,,,,,,,,,,,,,,,,,,0,,,0,,0,0,,0,,,3,3,4,4,,3,8,,,,29,,2,1,1,,1,,,,,,100,,,,,,20,,,,0,,,,8,,188,0.0%,
,62,,Saudi Arabia,,,,,,0,,,,,,,,,,,,4,3,,,,2,,,,0,13,,,,33,,,6,4,,,,,,,,12,,,1,,,,,,,,,,18,,,,1,62,,,,3,5,,,,,,,3,170,0.0%,
,63,,Kuwait,,,,,,,,,,,,,,,,,,3,,,,,,,,,,,,,27,,,,4,,,,,,,,,,,,,,95,,,,,,,,,,,,,,,,,,,,,,,,,,128,0.0%,
,64,,Argentina,,,,,,,,,,,,,6,,4,,,0,8,,0,,11,,,,1,,,8,1,31,7,5,,,,4,0,,6,0,,13,5,5,,,,,2,,2,,,,2,,,,,1,,,,,,,,,,,,,123,0.0%,
,65,,Morocco,,,,,,,,,,,,,2,,,,,,,6,,,,,,,,,6,,,,,,,,,,,,,,,,,,,,,,,,,,,,,,,,,,,,,,,,,,,,21,73,108,0.0%,
,66,,Nicaragua,,,,,,1,,,2,,,,,,,,,,,,,,,,,,,,,,,,,,,,,,,2,2,,74,18,,6,,,,,,,,,,,,,,,,,,,,,,,,,,,,,105,0.0%,
,67,,Ethiopia,,,,,,,,,,,,,,,,,,,,,,,,,,,,,,,,,,,,35,,51,,,,,,,,,,17,,,,,,,,,,,,,,,,,,,,,,,,,,,103,0.0%,
,68,,Thailand,,,,,,,,,,,,,,,,,,,,,,,,,,,,,,,,,,,,,,,,,,,,,,,,,,,,,,7,7,,79,,,,,,,,,,2,2,,1,,3,,,102,0.0%,
,69,,Lithuania,,,,,,,,,,,,,,,,,,,,,,,,,,,,,,,,,,,,,,,,,,,,,,,,,,,,,3,,,,,,,,,,,,,,,,60,,,2,25,8,98,0.0%,
,70,,Kazakhstan,,,,,,,,,,,,,,,,,,,,,,,,,,,,,,,,,,,,,,,,,,,,,,13,12,3,7,13,19,13,,,6,,6,,,,,,,,,,,,,,,,,,92,0.0%,
,71,,Venezuela,,,,,,,,,,,,,,,,,,,,17,,,,,,13,,,,,,,,,,,,0,,,,,,,,,,,,,,,,,1,,7,,3,40,,,,,,,,,,,,,,,80,0.0%,
,72,,Qatar,,,,,,,,,,,,,,,,,,,,,,,,,,,,,,,,,,,,,,,,,,,,40,,,,,,9,,,,,,,2,,,,,0,,,,,,,3,11,,14,,,78,0.0%,
,73,,Cyprus,,,,,,,,,,,,,,,,,,,,,,,,,,,,,,,,,,,,,,,,,,,,,,,34,,,,,,,,,,,,,,,,,,,,,,,,,,,40,73,0.0%,
,74,,Peru,,,,,,,,,,,,,,,,,,,,,,,,,,,,,,,,,50,,,,,,,,,,,,,,,,,,,14,,,5,,,,,,,,,,,,,,,,,,,,70,0.0%,
,75,,Malaysia,,,,,,,,,,,,,,,,,,,,,,7,,,,,,,,,,,6,,,,,3,,,,,,,,0,,,,11,,,,,,,,,,0,,,,15,15,,,,,1,,,,,59,0.0%,
,76,,South Yemen,,,,,,,,,,,,,,,,,,,,,,,,,,6,,,,,,,,,,,51,,,,,,,,,,,,,,,,,,,,,,,,,,,,,,,,,,,,,,57,0.0%,
,77,,Croatia,,,,,,,,,,,,,,,,,,,,,,,,,,,,,,,,,,,,,,,,,,,,,,,,,,,10,,,,,,,,,,,,,,,,,3,,,,,4,39,56,0.0%,
,78,,Lebanon,,,,,,,,,,,,,,,,,,1,,,,,,,,,,,,,,,,,,,,,,,,1,,,,,,,,,,,48,,,,,,,,,,,,,,,,,,,,,,50,0.0%,
,79,,Slovenia,,,,,,,,,,,,,,,,,,,,,,,,,,,,,,,,,,,,,,,,,,,,,,,,,,,,,,,,,,,,,,,,,,,10,,,,,,38,2,50,0.0%,
,80,,North Macedonia,,,,,,,,,,,,,,,,,,,,,,,,,,,,,,,,,,,,,,,,,,,,,,,,,,,,,,,,,,,,,,,,,,,,,,,,,31,18,50,0.0%,
,81,,Cuba,,,,,,,,2,6,,,,,,,,,,,,,,,,,1,,,12,10,8,,,,,,,,,,,,,,,,,,,,,,,,,,,,,,,,,,,,,,,,,,,,40,0.0%,
,82,,Viet Nam,,,,,,,,,,,,,,,,,,,,,,,0,,,,,,,,,,,,,,,11,,,,,,,,,,,,,,,,,,,14,,,,,,,,,,,,10,,,,,,36,0.0%,
,83,,Brunei,,,,,,,,,,,,,,,,,,,,,,,,,,,,,,,,,,,,,,,,,,,,,,,,,,,,,,,,,,,,,,24,,,,,12,,,,,,,,36,0.0%,
,84,,Estonia,,,,,,,,,,,,,,,,,,,,,,,,,,,,,,,,,,,,,,,,,,,,,,,8,,,,,,,,,,,,,,,,,,,1,,,,,,,9,13,32,0.0%,
,85,,Colombia,,,,,,,,,,,,,,,,,,,,,,,,,,,,,,,,,,,,,,,,,,,,,,,,,,,,,6,,,,,,,,,,0,,,,,10,,10,4,,,,30,0.0%,
,86,,Bosnia-Herzegovina,,,,,,,,,,,,,,,,,,,,,,,,,,,,,,,,,,,,,,,,,,,,,,,,,,,,,9,,,,,,,,,14,,3,,,,,,,,,2,,27,0.0%,
,87,,Latvia,,,,,,,,,,,,,,,,,,,,,,,,,,,,,,,,,,,,,,,,,,,,,9,,,,,,,,,,,,,,,,,,,,,,,,,,,,11,6,26,0.0%,
,88,,Ghana,,,,,,,,,,,,,,,,,,,,,,,,,,,,,,6,,,,,,,,,,,,,,,,,,,,,,,,,,19,,,,,,,,,,,,,,,,,,,25,0.0%,
,89,,DR Congo,,,,,,,,,,,,,,,,,,,,,,,,,,,,,,1,,,,,,,,,,,,,,,,,,22,,,,,,,,,,,,,,,,,,,,,,,,,,,23,0.0%,
,90,,Chad,,,,,,,,,,,,,,,,,,,,,,,,,,,,,,,,,,,,,,20,,,,,,,,,,,,,,,,,,,,,,,,,,,,,,,,,,,,,20,0.0%,
,91,,Oman,,,,,,,,,,,,,,,,,,,,,,,,,,,,5,,,,,,,,,5,,,,,,,,0,,,,,,,,,,,1,,,,,,,,,,,,7,,,,,,,19,0.0%,
,92,,Aruba,,,,,,,,,,,,,,,,,,,,,,,,,,,,,,,,,,,,,,,,,,,,,,,18,,,,,,,,,,,,,,,,,,,,,,,,,,,,18,0.0%,
,93,,Sudan,,,,,,,,,,,,,,,,,,1,,,,,,,,,,,,,,,,,,,4,,,,,,,,,,,,,,,,,,,,,,,,,,,11,,,,,,,,,,,16,0.0%,
,94,,Malta,,,,,,,,,,,,,,,,,,,,,,,,,,,,,,,,,,,,,,,,,,,,,,,,,,,,,,,10,,,,,,,,,,,5,,,,,,,,,15,0.0%,
,95,,Mexico,,,,4,,,,,,,,,,,,,,,,,,,,,,,,,,,,,,,,,,,,,,8,,,,,,,,,,,,,,,,,,,,,,,,,,,,1,,,,,13,0.0%,
,96,,Algeria,,,,,,,,,,,,,,,,,,,6,,,,,,,,,,,,6,,,,,,,,,,,,,,,,,,,,,,,,,,,,,,,,,,,,0,,,,,,,,12,0.0%,
,97,,Kenya,,,,,,,,,,,,,,,,,,,,,,,,,,,,,,,,8,,,,,,,,,,2,,2,,,,,,,,,,,,,,,,,,,,,,,,,,,,,,,12,0.0%,
,98,,Nigeria,,,,,,,,,,,,,,,,,,,,,,,,,,,,,,,,,,,,,,,,2,3,,,,,,,,,,0,,,,,,,,,,,,,,,,,,,,,2,3,,10,0.0%,
,99,,Fiji,,,,,,,,,,,,,,,,,,,,,,,,,,,,,,,,,,,10,,,,,,,,,,,,,,,,,,,,,,,,,,,,,,,,,,,,,,,,10,0.0%,
,100,,Ecuador,,,,,,,,,,,,,,,,,,,,,,,,,,,,,,,,,,,,,,,,,,,,,,,,,,,,,,,,,,,,,,,,,6,,,,2,,,,,,8,0.0%,
,101,,Sri Lanka,,,,,,,,,,,,,,,,,,,,,,,,,,,,,,,,,,,,,,,,,,,,,,,,,8,,,,,,,,,,,,,,,,,,,,,,,,,,8,0.0%,
,102,,Uruguay,,,,,,,,,,,6,,,,,,,,,,,,,,,,,,,,,,,,,,,,,,,,,,,,,,,,1,,,,,,,,,,,,,,,,,,,,,,,,7,0.0%,
,103,,Iceland,,,,,,,,,,,,,,,,,,,,,,,,,,,,,,,0,,,,,,,,,,,,,5,,,,,,,,,,,,,,,,,,,,,,,,,,,,,,,5,0.0%,
,104,,Zimbabwe,,,,,,,,,,,,,,,1,,,,,,,,,,,,,,,,,,,,,,,,,,,,,,,,,,,,,4,,,,,,,,,,,,,,,,,,,,,,,5,0.0%,
,105,,Comoros,,,,,,,,,,,,,,,,,,,,,,,,,,,,,,,,5,,,,,,,,,,,,,,,,,,,,,,,,,,,,,,,,,,,,,,,,,,,5,0.0%,
,106,,Philippines,,,,,,,,,,,,,,,,,,,,,,,,,,,,,,,,,,,,,1,,,,,,,,,,,,,,,,,,,,,4,,,,,,,,,,,,,,,,,5,0.0%,
,107,,Angola,,,,,,,,,,,,,,,,,,,,,,,,,,,,,,3,0,,,,,,,,,,,,,,,,,,,,,,2,,,,,,,,,,,,,,,,,,,,,,5,0.0%,
,108,,Armenia,,,,,,,,,,,,,,,,,,,,,,,,,,,,,,,,,,,,,,,,,,,,,,,,,,,,,,,,,4,,,,,,,,,,,,,,,,,,4,0.0%,
,109,,Uganda,,,,,,,,,,,,,,,,,,,0,,,,,,,,,,,,,,,,,,,,,,,,,,,,,,,,,,,,,,,,,,,,,,,,4,,,,,,,,4,0.0%,
,110,,Dominican Republic,,,,,,,,,,,,,,,,,,,,,,,,,,,,,,,,,,,,,,,,,,,,,,,,,,,,,,,,,,,,,,,,,,,,4,,,,,0,,4,0.0%,
,111,,South Vietnam,,,,,,,,,,,,,,,,,,,,,4,,,,,,,,,,,,,,,,,,,,,,,,,,,,,,,,,,,,,,,,,,,,,,,,,,,,,,4,0.0%,
,112,,North Yemen,,,,,,,,,,,,,,,,,,,,,,,,,,,,,,,,,,,,3,,,,,,,,,,,,,,,,,,,,,,,,,,,,,,,,,,,,,,,3,0.0%,
,113,,Costa Rica,,,,,,,,,,,,,,,,,,,,,,,,,,,,,,,,,,,,,,,,,,,,,,,,,,,,,,,,,,,0,3,,,,,,,,,,,,,,,3,0.0%,
,114,,Senegal,,,,,,,,,,,,,,,,,,,,,,,,,,,3,,,,,,,,,,,,,,,,,,,,,,,,,,,,,,,,,,,,,,,,,,,,,,,,3,0.0%,
,115,,Panama,,,,,,,,,,,,,,,,,,,,,,,,,,,,,,2,,,,,,,,,,,,,,,,,,,,,,,,,,,,,,,,,,,,,,,,1,,,,,3,0.0%,
,116,,Eritrea,,,,,,,,,,,,,,,,,,,,,,,,,,,,,,,,,,,,,,,,,,,,,,,,,2,0,,,,,,,0,,,,,,,,,,,,,,,,,,2,0.0%,
,117,,Guyana,,,,,,,,,,,,,,,,,,,,,,,,,,,2,,,,,,,,,,,,,,,,,,,,,,,,,,,,,,,,,,,,,,,,,,,,,,,,2,0.0%,
,118,,Bahrain,,,,,,,,,,,,,,,,,,,,,,,,,,,,,,,,,,,,,,,,,,,,,,,,,,,,2,,,,,,,,,,,,,,,,,,,,,,,2,0.0%,
,119,,Cambodia,,,,,,,,,,,,,,,,,,,,,,,,,,,,,,,,,,,,,,,,,,,,0,0,0,,,,,1,,,,,,,,,,,,,,,,,,,,,,,,2,0.0%,
,120,,Bangladesh,,,,,,,,,,,,,,,,,,,,,,,,,,,,,,,,,,,2,,,,,,,,,,,,,,,,,,,,,,,,,,,,,,,,,,,,,,,,2,0.0%,
,121,,Zambia,,,,,,,,,,,,,,,,,,,,,,,,,,,,,,,,,,,,,,,,,2,,,,,,,,,,,,,,,,,,,,,,,,,,,,,,,,,,2,0.0%,
,122,,Albania,,,,,,,,,,,,,,,,,,,,,,,,,,,,,,,,,,,,,,,,,,,,,,,,,,,,,,,,,,,,,,1,,,,,,,,,,,,,1,0.0%,
,123,,Mozambique,,,,,,,,,,,,,,,,,,,,,,,,,,,,1,,,,,,,,,,,,,,,,,,,,,,,,,,,,,,,,,,,,,,,,,,,,,,,1,0.0%,
,124,,FMLN (El Salvador)*,,,,,,,,,,,,,,,,,,,,,,,,,,,,,,,,,,,,,,,,,,1,,,,,,,,,,,,,,,,,,,,,,,,,,,,,,,,,1,0.0%,
,125,,Cote d'Ivoire,,,,,,,,,,,,,,,,,,,,,,1,,,,,,,,,,,,,,,,,,,,,,,,,,,,,,,,,,,,,,,,,,,,,,,,,,,,,1,0.0%,
,126,,Gabon,,,,,,,,,,,,,,,,,,,,,,,,1,,,,,,,,,,,,,,,,,,,,,,,,,,,,,,,,,,,,,,,,,,,,,,,,,,,1,0.0%,
,127,,Seychelles,,,,,,,,,,,,,,,,,,,,,,,,,,,,,,,,,,,,,,,,,,,,,,1,,,,,,,,,,,,,,,,,,,,,,,,,,,,,1,0.0%,
,128,,Libya HoR*,,,,,,,,,,,,,,,,,,,,,,,,,,,,,,,,,,,,,,,,,,,,,,,,,,,,,,,,,,,,,,,,,,,1,,0,,,,,,1,0.0%,
,129,,Malawi,,,,,,,,,,,,,,,,,,,,,,,,,,,,,,,,,,,,,,,,,,,,,,,,,,,1,,,,,,,,,,,,,,,,,,,,,,,,1,0.0%,
,130,,Guatemala,,,,,,1,,,,,,,,,,,,,,,,,,,,,,,,,,,,,,,,,,,,,,,,,,,,,,,,,,,,,,,,,,,,,,,,,,,,,1,0.0%,
,131,,Mujahedin (Afghanistan)*,,,,,,,,,,,,,,,,,,,,,,,,,,,,,,,,,,,,,,,,,,,1,,,,,,,,,,,,,,,,,,,,,,,,,,,,,,,,1,0.0%,
,132,,Luxembourg,,,,,,,,,,,,,,,,,,,,,,,,,,,,,,,,,,,,,,,,,,,,,,,,,,,,,,,,,,0,,,,,,,,,,,,,,,0,,1,0.0%,
,133,,European Union**,,,,,,,,,,,,,,,,,,,,,,,,,,,,,,,,,,,,,,,,,,,,,,,,,,,,,,,,,,,,,,,,,,,,,,0,,,,,0,0.0%,
,134,,Niger,,,,,,,,,,,,,,,,,,,,,,,,0,,,,,,,,,,,,,,,,,,,,,,,,,,,,,,,,,,,,,,,,,,,,,,,,,,,0,0.0%,
,135,,Bahamas,,,,,,,,,,,,,,,,,,,,,,,,,,,,,,,,,,,,,,,,,,,,,,,,,,,,,,,,,,,,,,,,,,0,,,,,,,,,0,0.0%,
,136,,United Nations**,,,,,,,,,,,,,,,0,,,,,,,,,,,,,,,,,,,,,,,,,,,,,,,,,,,,,,,,,,,,,,,,,,,,,,,,,,,,0,0.0%,
,,,Others,0,0,0,0,0,0,0,0,0,0,0,0,0,0,0,0,0,0,0,0,0,0,0,0,0,0,0,0,0,0,0,0,0,0,0,0,0,0,0,0,0,0,0,0,0,0,0,0,0,0,0,0,0,0,0,0,0,0,0,0,0,0,0,0,0,0,0,0,0,0,0,0,0,0,0,0.0%,
,,,Total,8130,11587,16611,23604,20072,20497,24656,24168,25588,21477,17765,16410,17710,20235,26545,25016,24904,25310,26052,28646,25467,32820,34236,36138,36709,37303,35778,40314,42667,38293,41925,45559,45720,43987,41799,38204,39078,39417,36695,35053,30341,28090,24231,25832,22999,22934,23779,28925,27790,24953,19416,18742,17813,19052,21254,21365,24416,26542,24196,24449,25937,30097,27913,27126,27023,28353,30784,31200,27380,27219,23758,26352,33544,29104,2065055,100%,
